"id","name","title (shown)","archetype (revealed by research)","tier","first possible stage","tendency text","base R/P/S","randomness floor","behaviour rules","flavor (unused in UI)"
"repeater","Gary","Still Uses His First Password","The Repeater","easy","0","Strongly tends to repeat whatever it threw last round.","1/1/1","0.04","repeats its own last throw (repeatOwn=4)","Found something that works. Will not be taking questions."
"rock-enjoyer","Hank","Collects Countertop Samples","Rock Enjoyer","easy","0","Throws Rock most of the time. After losing three times in a row, briefly loses faith and avoids Rock.","0.8/0.1/0.1","0.04","abandons its favourite after a losing streak (tiltAfterLosses={""losses"":3,""weight"":1.5})","Has a favourite. You can probably guess which."
"paper-pusher","Pam","Prints Out Her Emails","Paper Pusher","easy","0","Throws Paper most of the time. After losing three times in a row, briefly avoids Paper.","0.1/0.8/0.1","0.04","abandons its favourite after a losing streak (tiltAfterLosses={""losses"":3,""weight"":1.5})","Middle management energy. Loves a good document."
"scissor-sister","Cassie","Cuts Her Own Bangs","Scissor Sister","easy","0","Throws Scissors most of the time. After losing three times in a row, briefly avoids Scissors.","0.1/0.1/0.8","0.04","abandons its favourite after a losing streak (tiltAfterLosses={""losses"":3,""weight"":1.5})","Runs with scissors. Professionally."
"cycler","Otto","Rotates His Tires Religiously","The Cycler","easy","0","Tends to throw the move that beats its own last throw: Rock → Paper → Scissors → Rock.","1/1/1","0.04","throws what beats its own last throw (cycle=4)","Believes in taking turns. All three of them."
"mimic","Polly","Will Have What You’re Having","The Mimic","easy","0","Tends to copy YOUR previous throw.","1/1/1","0.05","copies your last throw (copyPlayer=4)","Sincerest form of flattery. Also the only form."
"loop","Lenny","Has Had the Same Song Stuck in His Head Since 2009","The Loop","medium","4","Usually repeats a short sequence (3 or 4 throws), like R, R, P, S… but sometimes slips. New sequence each time you meet; it restarts after every store.","1/1/1","0.06","repeats a short sequence (new one each encounter) (loop={""weight"":5,""minLen"":3,""maxLen"":4})","Da da DUM, da da DUM. He can’t stop. He won’t stop."
"superstitious","Sal","Knocks on Wood. Twice.","The Superstitious","medium","4","Never repeats a throw that just lost: it’s cursed. Tends to keep a throw that just won. After a tie, tends to move on to the next throw (Rock → Paper → Scissors).","1/1/1","0.08","throws what beats its own last throw (cycle=2); after winning, repeats (winStay=2.5); never repeats a throw that just lost (multiplier) (avoidLoser=0)","Wearing the lucky socks. Has not washed the lucky socks."
"contrarian","Connor","Always Has a Rebuttal","The Contrarian","medium","4","Tends to throw whatever would have beaten YOUR previous throw.","1/1/1","0.05","beats your last throw (counterPlayerLast=4)","Well, actually…"
"hot-hand","Pete","Never Leaves a Winning Table","Hot Hand","medium","4","After winning, tends to repeat its throw. After losing, tends to switch to whatever would have beaten you. After a tie, leans toward repeating.","1/1/1","0.05","repeats its own last throw (repeatOwn=1.2); after winning, repeats (winStay=4); after losing, switches to what would have won (loseShift=4)","If it ain’t broke, throw it again."
"cold-hand","Olga","Suspicious of Good News","Cold Hand","medium","4","After winning, tends to switch to the next move in the cycle (Rock → Paper → Scissors). After losing, tends to stubbornly repeat. After a tie, leans toward the next move.","1/1/1","0.05","throws what beats its own last throw (cycle=1.2); after winning, moves on in the cycle (winShift=4); after losing, repeats (loseStay=4)","Wins make her nervous. Losses make her stubborn."
"collector","Carl","Eats His Skittles by Color","The Collector","medium","4","Tends to throw whichever move it has thrown the LEAST against you so far.","1/1/1","0.05","throws its least-used move (leastPlayed=4)","Needs an even number of each. It’s a whole thing."
"gambler","Lou","Owns a Lucky Shirt","The Gambler","medium","4","Picks a lucky move and leans on it for a streak of 4–9 rounds, then picks a new one.","1/1/1","0.05","picks a lucky move for a streak (favoritePhase={""weight"":4,""minLen"":4,""maxLen"":9})","Has a system. The system is vibes."
"psychologist","Sigrid","Takes Notes at Dinner","The Psychologist","hard","5","Watches your last 6 throws and tends to counter your most common one. The more lopsided your habits, the harder it commits.","1/1/1","0.06","beats your most common recent throw (counterPlayerFreq={""weight"":4,""window"":6})","Tell me about your Rock."
"mirror","Miranda","Laughs a Beat Late","The Mirror","hard","5","Tends to throw what YOU threw two rounds ago.","1/1/1","0.06","copies your throw from 2 rounds ago (mirrorTwoBack=4)","Is on a slight delay."
"chaos-engine","Kai","Brought a Theremin","The Chaos Engine","hard","5","Looks random, but leans toward the move that beats its own throw from two rounds ago.","1/1/1","0.07","beats its own throw from 2 rounds ago (echoTwoBack=3)","Beep boop. Entropy."
"mood-swings","Moira","Returned the Same Couch Twice","Mood Swings","hard","5","Switches mood every 5 rounds (shown above your throws). Stubborn: tends to repeat her own last throw. Spiteful: tends to throw whatever would have beaten YOUR last throw.","1/1/1","0.08","swaps between two behaviour sets every N rounds (moods={""period"":5,""a"":{""repeatOwn"":3},""b"":{""counterPlayerLast"":3},""names"":[""Stubborn"",""Spiteful""]})","Two moods. Neither of them is “fine”."
"oracle","Delphine","Finishes Your Sentences","The Oracle","elite","7","Learns what you usually throw after your previous throw and tends to counter it; also punishes favourite moves. Being unpredictable is the defence.","1/1/1","0.07","beats your most common recent throw (counterPlayerFreq={""weight"":1.5,""window"":10}); beats what you usually throw after your last throw (counterPlayerBigram=4)","Has read your chat history. Metaphorically."
"bluffer","Felix","Tells You Exactly What He’ll Do","The Bluffer","elite","7","Announces a throw, then usually throws whatever beats the throw that would beat his announcement. He also remembers how you answered his last announcement and expects the same answer again.","1/1/1","0.08","announces a throw, then bluffs / tells the truth / beats how you answered last time (bluff={""bluff"":2,""honest"":0.8,""read"":2.5})","Wears sunglasses indoors. Announces his throw. Lies about it."
"nash","John","Has No Tells. None.","The Nash Equilibrium","elite","7","Perfectly random. No pattern exists. Your only tools here are saves, lives, and an opponent reroll.","1/1/1","0.3333333333333333","","Emotionally unavailable. Mathematically unbeatable."
